{
  "analysis_info": {
    "rdf_types": [
      "CC",
      "CO",
      "OO"
    ],
    "description": "Radial distribution functions and hydration structure",
    "cutoffs": {
      "CC": "5.0 \u00c5",
      "CO": "5.0 \u00c5",
      "OO": "3.5 \u00c5"
    }
  },
  "coordination_numbers": {
    "eps_0.00": {
      "CC": 22.373889712971174,
      "CO": 17.28635956892276,
      "OO": 5.08918278569805
    },
    "eps_0.05": {
      "CC": 23.952537658295036,
      "CO": 5.423946589862745,
      "OO": 5.238274576897102
    },
    "eps_0.10": {
      "CC": 22.00702347721066,
      "CO": 6.840831083104493,
      "OO": 5.220658611024628
    },
    "eps_0.15": {
      "CC": 20.867728276270995,
      "CO": 7.708697856730909,
      "OO": 5.215352735344928
    },
    "eps_0.20": {
      "CC": 19.891555992498027,
      "CO": 8.319770325527621,
      "OO": 5.214028066965558
    },
    "eps_0.25": {
      "CC": 19.888728486150832,
      "CO": 8.604590013207044,
      "OO": 5.212717847593878
    },
    "eps_0.30": {
      "CC": 19.863980408870002,
      "CO": 8.83418865563641,
      "OO": 5.21345705506442
    },
    "eps_0.35": {
      "CC": 19.89075416527077,
      "CO": 9.057605738899591,
      "OO": 5.216263836018688
    },
    "eps_0.40": {
      "CC": 19.92517148230333,
      "CO": 9.254911578747784,
      "OO": 5.220926540226609
    },
    "eps_0.45": {
      "CC": 19.950603201936318,
      "CO": 9.418125818363373,
      "OO": 5.224546880542784
    },
    "eps_0.50": {
      "CC": 20.01314443922827,
      "CO": 9.591008578889044,
      "OO": 5.229307167722918
    },
    "eps_0.55": {
      "CC": 20.126920644568,
      "CO": 9.743711634413845,
      "OO": 5.232768741603694
    },
    "eps_0.60": {
      "CC": 20.251242425360598,
      "CO": 9.909925675850815,
      "OO": 5.243185723038893
    },
    "eps_0.65": {
      "CC": 20.410418079903593,
      "CO": 10.078481662420092,
      "OO": 5.2489279556499495
    },
    "eps_0.70": {
      "CC": 20.591796268967407,
      "CO": 10.194160754429936,
      "OO": 5.252975499427247
    },
    "eps_0.75": {
      "CC": 20.926351512495266,
      "CO": 10.362525612504811,
      "OO": 5.263282215548062
    },
    "eps_0.80": {
      "CC": 21.278435045231475,
      "CO": 10.526720234610737,
      "OO": 5.27265207326313
    },
    "eps_0.85": {
      "CC": 21.862583945464674,
      "CO": 10.737356565666248,
      "OO": 5.2769549832644
    },
    "eps_0.90": {
      "CC": 22.220205748613758,
      "CO": 10.864559166580834,
      "OO": 5.289790168781729
    },
    "eps_0.95": {
      "CC": 22.633452605884898,
      "CO": 11.018457792177637,
      "OO": 5.297839456899696
    },
    "eps_1.00": {
      "CC": 23.023382904113614,
      "CO": 11.15421977703941,
      "OO": 5.305719263028123
    },
    "eps_1.05": {
      "CC": 23.32522691384223,
      "CO": 11.26585309486031,
      "OO": 5.313626795508321
    },
    "eps_1.10": {
      "CC": 23.665173143119517,
      "CO": 11.384236271197754,
      "OO": 5.319685862730456
    }
  },
  "hydration_shell_peaks": {
    "eps_0.25": {
      "first_peak_position_A": 8.903649999999983,
      "first_peak_height": 1.0937868999999998,
      "num_peaks": 1
    },
    "eps_0.30": {
      "first_peak_position_A": 8.903649999999983,
      "first_peak_height": 1.1005019499999997,
      "num_peaks": 1
    },
    "eps_0.35": {
      "first_peak_position_A": 8.903649999999983,
      "first_peak_height": 1.10581325,
      "num_peaks": 1
    },
    "eps_0.40": {
      "first_peak_position_A": 8.73953000000001,
      "first_peak_height": 1.1124144000000005,
      "num_peaks": 1
    },
    "eps_0.45": {
      "first_peak_position_A": 8.821590000000013,
      "first_peak_height": 1.1170884499999998,
      "num_peaks": 1
    },
    "eps_0.50": {
      "first_peak_position_A": 3.48761000000001,
      "first_peak_height": 0.8185056800000002,
      "num_peaks": 2
    },
    "eps_0.55": {
      "first_peak_position_A": 3.487610000000002,
      "first_peak_height": 0.8533548199999998,
      "num_peaks": 2
    },
    "eps_0.60": {
      "first_peak_position_A": 3.487610000000002,
      "first_peak_height": 0.8825279199999998,
      "num_peaks": 2
    },
    "eps_0.65": {
      "first_peak_position_A": 3.487610000000002,
      "first_peak_height": 0.9136503100000004,
      "num_peaks": 2
    },
    "eps_0.70": {
      "first_peak_position_A": 3.487610000000002,
      "first_peak_height": 0.9431515200000004,
      "num_peaks": 2
    },
    "eps_0.75": {
      "first_peak_position_A": 3.487610000000002,
      "first_peak_height": 0.9685945399999997,
      "num_peaks": 2
    },
    "eps_0.80": {
      "first_peak_position_A": 3.487610000000002,
      "first_peak_height": 0.9912214700000002,
      "num_peaks": 2
    },
    "eps_0.85": {
      "first_peak_position_A": 3.487610000000002,
      "first_peak_height": 1.0160133299999996,
      "num_peaks": 2
    },
    "eps_0.90": {
      "first_peak_position_A": 3.487610000000002,
      "first_peak_height": 1.0375231200000008,
      "num_peaks": 2
    },
    "eps_0.95": {
      "first_peak_position_A": 3.4055500000000034,
      "first_peak_height": 1.0626889299999995,
      "num_peaks": 2
    },
    "eps_1.00": {
      "first_peak_position_A": 3.487610000000002,
      "first_peak_height": 1.0857789999999996,
      "num_peaks": 2
    },
    "eps_1.05": {
      "first_peak_position_A": 3.4055500000000034,
      "first_peak_height": 1.1124361999999999,
      "num_peaks": 2
    },
    "eps_1.10": {
      "first_peak_position_A": 3.4055500000000034,
      "first_peak_height": 1.1276886,
      "num_peaks": 2
    }
  }
}